step,wall_time,rollout/ep_env_rew_mean_mean,rollout/ep_env_rew_mean_std,rollout/ep_env_rew_mean_bootstrap025,rollout/ep_env_rew_mean_bootstrap975,rollout/ep_len_mean_mean,rollout/ep_len_mean_std,rollout/ep_len_mean_bootstrap025,rollout/ep_len_mean_bootstrap975,rollout/n_goal_reached_mean,rollout/n_goal_reached_std,rollout/n_goal_reached_bootstrap025,rollout/n_goal_reached_bootstrap975
40000,1690036255.9039378,-917.81015625,81.75183495751577,-940.7047979128546,-889.6321287003277,961.3408745659722,158.42711496153862,846.9034819454524,990.5994771321615,0.00625,0.027243118397129208,0.0,0.015625
48000,1690036345.822908,-909.40546875,78.84514976199368,-930.9349884439017,-882.3814265955145,988.2204467773438,26.126772681094593,977.539100739296,994.4579177645168,0.00625,0.027243118397129208,0.0,0.015625
56000,1690036435.9757652,-901.06171875,82.42673311734161,-924.1656456833311,-873.3394250965882,989.9689193725586,21.295941960919606,980.7754832468617,995.0549396403835,0.00625,0.027243118397129208,0.0,0.015625
64000,1690036526.1969757,-909.06015625,75.55371168247807,-930.1142494474416,-882.7163209783989,991.5301345825195,16.159464922019865,985.1185132161296,995.5707091523105,0.00625,0.027243118397129208,0.0,0.015625
72000,1690036616.6235776,-905.76953125,75.81496372732487,-927.1464227821472,-879.9471088360044,992.4210968017578,13.215150366363808,987.4052511335098,995.9465483317416,0.00625,0.027243118397129208,0.0,0.015625
80000,1690036707.3282228,-901.03984375,69.67280674258537,-921.5743408262347,-877.4405255466925,992.9810211181641,11.27372332496065,988.6460955340497,995.8748078681068,0.00625,0.027243118397129205,0.0,0.015625
88000,1690036798.1893666,-897.1243057250977,76.00439078115413,-918.9050152666177,-870.9285431197637,993.2191879272461,9.807277824812354,989.7089172666635,995.8237804585051,0.01180555559694767,0.043317972905924866,0.003125,0.03159722238779068
96000,1690036889.5148125,-884.3711807250977,86.21495830676388,-908.8623112430789,-855.0427264910901,992.9029373168945,9.363139077962318,989.5906750813823,995.4836493552237,0.01805555559694767,0.05702907005831846,0.003125,0.041726084273659994
104000,1690036981.2903695,-885.9508682250977,84.08913406085694,-909.3194671017017,-856.435230608707,992.6629974365235,9.294777311738203,989.414528743264,995.1851207072046,0.01805555559694767,0.05702907005831846,0.003125,0.04236111119389534
112000,1690037073.3501346,-870.2508682250976,90.3303595169785,-896.0122322123314,-840.396218487917,992.7050872802735,9.423411052829044,989.3984008387018,995.282097774686,0.01493055559694767,0.05444971468426182,0.003125,0.03854166679084301
120000,1690037165.8097363,-864.8774307250976,84.96858579092572,-889.832161606584,-836.2854210744874,992.3923370361329,9.645200256676338,988.925124041184,994.9941523928437,0.01805555559694767,0.05702907005831846,0.003125,0.04236111119389534
128000,1690037258.757394,-863.4321182250976,79.53160767028875,-887.2208348837848,-837.6894465884442,991.8686767578125,10.365319422685092,988.1609070401654,994.6045472515557,0.01805555559694767,0.05702907005831846,0.003125,0.04236111119389534
136000,1690037352.1719494,-866.2586807250976,78.861444946247,-889.2849077295064,-840.604017795024,991.2674057006836,11.06851464864793,987.2490403145017,994.192898676681,0.01805555559694767,0.05702907005831846,0.00555555559694767,0.04236111119389534
144000,1690037445.799538,-865.4587677001953,81.10131079645659,-888.5778469844278,-838.5809245918027,989.970246887207,11.765684082540124,985.8636211367339,993.1862484411574,0.02673611119389534,0.06699769546402166,0.009375,0.05326290652428568
152000,1690037540.0203013,-840.435676574707,99.10285735686719,-867.3156465517882,-805.7400332857006,988.0919967651367,13.385421265858367,983.382942179565,991.7721521782981,0.03784722276031971,0.08995602556613022,0.015625,0.07534722350537777
160000,1690037634.9781222,-823.2702255249023,107.15581739007395,-852.3632866962943,-786.091776795497,985.9127471923828,15.356193379444285,980.5747363879562,990.234151963704,0.04027777835726738,0.08924624527988528,0.01770833358168602,0.0746527787297964
168000,1690037730.3740296,-806.5991317749024,107.89399799526606,-837.7509766647905,-771.0331221431203,983.1182479858398,17.24588970032663,977.4052529900457,988.1454637989438,0.04652777835726738,0.09478848857900206,0.021875,0.08333333432674409
176000,1690037826.2717564,-824.0801208496093,114.36609912754602,-857.1648625147247,-784.666454808556,980.1599990844727,18.809332759109722,973.8676080175295,985.7001769046194,0.04930555615574121,0.09501208258971812,0.02430555559694767,0.08541666754431304
184000,1690037922.6894023,-825.662239074707,115.96537440009344,-858.0217128297681,-786.4440308347934,977.540249633789,20.047997146383082,971.15889221805,983.5150793966093,0.04895833395421505,0.0947598660942368,0.02500000037252903,0.08611111231148243
192000,1690038019.368411,-836.671614074707,124.27103367584104,-872.2693063087057,-794.5624283398708,975.4647506713867,20.66353576997938,968.8674206258146,981.608731507439,0.04583333395421505,0.094260443370544,0.022222222574055196,0.08263889029622078
200000,1690038116.3844724,-822.185676574707,121.22334224069127,-858.2704883414035,-783.0391633994901,973.2510009765625,21.243974146295415,966.8462520553013,979.7942471703176,0.05208333395421505,0.0951540961282479,0.02743055559694767,0.08854166797600815
208000,1690038213.913133,-830.8610580444335,126.55614910929835,-867.1726399695389,-789.1109293101387,971.3789993286133,22.17065783199436,964.4705509681845,977.9910055249071,0.04840277843177319,0.093802738958018,0.02479166705161333,0.08588742906492587
216000,1690038311.7462184,-843.62109375,113.34574243136878,-876.5368843907628,-806.9359956208996,969.490998840332,24.36257679038001,961.5795586145881,976.6704348190304,0.03923611156642437,0.07935209283446754,0.01958333346992731,0.07069444489356835
224000,1690038409.5064173,-849.2006072998047,107.77831722630113,-881.5235364697656,-813.9398198855176,968.3962493896485,26.250633585135095,959.7854826513094,975.9391208139011,0.0368055559694767,0.0750841875377866,0.01805555559694767,0.06617888783792804
232000,1690038507.6231027,-851.334635925293,105.91307203216112,-882.4618281719983,-816.4455581789927,966.4979995727539,29.206424894837948,956.3170390973077,974.4623515130877,0.04444444514811039,0.08641077089625865,0.02270833346992731,0.07884035406628769
240000,1690038606.2491932,-818.7032119750977,118.66132830038985,-854.7367197440517,-782.0446495344006,964.779248046875,30.878547524993696,954.2081044396961,973.7397494187165,0.05590277854353189,0.09417073983927429,0.030833333544433118,0.09013889022171498
248000,1690038705.4152827,-794.8394958496094,125.91518997878116,-833.5740618828333,-756.2111539422766,962.2509963989257,33.68723745791814,951.0029868698954,971.8966870720496,0.06944444496184587,0.10909454856005328,0.04062500018626451,0.10919586380418303
256000,1690038804.8482518,-769.6942703247071,109.18497016721388,-803.856075542809,-737.0704257281799,959.6537460327148,35.86872823494372,947.9884905875999,970.1145148718308,0.07777777835726737,0.11053496530477258,0.04826388899236918,0.1174999996531546
264000,1690038904.5331435,-766.5499130249024,119.10592456274783,-804.451009260999,-730.6210405886309,957.4122451782226,37.443236331834264,945.0834775976604,968.1732204173336,0.07430555615574122,0.11078554808914946,0.04444444440305233,0.11403701086828866
272000,1690039004.207911,-763.0516143798828,113.59735498472804,-799.6860657023798,-729.4449134826214,955.6594955444336,38.61100207767877,943.0813774513689,966.7618900447197,0.07208333387970925,0.10912097996223762,0.043055555783212185,0.11229082625413218
280000,1690039104.0370011,-755.1790138244629,129.233307818666,-795.8388423383203,-714.6407524351959,953.2822448730469,40.452362917226594,939.8111052409316,965.0963665959018,0.07867424301803112,0.11388390557347408,0.0482075417290331,0.12003287267776003
288000,1690039204.539618,-750.6737068176269,131.94227025616232,-790.6042497052284,-709.431342769585,948.9079940795898,44.54878741707794,933.7139875606765,961.4514166051853,0.09441336542367935,0.1250562276726546,0.0599264402156745,0.13728446729096871
296000,1690039305.310994,-727.5236747741699,136.1500797387714,-770.8769011963813,-687.1008534067172,944.9644927978516,49.15787806181364,927.8263931282469,958.5224672708033,0.09775932468473911,0.13108582699296742,0.06270358290275099,0.14296134523943296
304000,1690039406.086095,-729.9124778747558,140.6574886929063,-775.6966672946588,-688.0956175922767,939.8237426757812,55.44146799815554,921.206378336623,955.9355922537663,0.09671765770763159,0.13847466555387916,0.05966703906565655,0.14668083883260688
312000,1690039506.8174193,-732.6695960998535,143.11334108689456,-776.8866321495085,-688.673377414567,935.007243347168,61.11655197376855,913.5619436511241,952.1485058208225,0.0887315470725298,0.13562626684918364,0.05118528528524244,0.1377627859755384
320000,1690039607.8300166,-736.0672172546386,151.09326652283386,-782.9431124073789,-689.5094681735621,930.3779937744141,66.1977727900792,907.6677852528346,948.1588636385304,0.09373154733330011,0.14041629824719634,0.055666331688862265,0.1441824231069707
328000,1690039708.8445034,-736.513745880127,147.63907715769415,-781.96729869184,-689.5239258955302,925.7779937744141,69.30752424353092,902.0853676633985,945.3339219021414,0.10206488072872162,0.14010106994705976,0.06351207202632915,0.1501873911242168
336000,1690039810.3850403,-700.4921836853027,138.38968447539284,-743.0678853437117,-658.0917685295221,920.9549926757812,72.49993243296638,896.2494472184092,941.7940589080539,0.10984265860170125,0.14108885852297065,0.06927342148303167,0.1587319124197395
344000,1690039911.9896958,-695.1696792602539,121.16470552727199,-733.7179609979556,-658.4258303897851,916.8527435302734,75.76849878537838,892.1095059192241,939.2032086383011,0.11033508274704218,0.14082662303607546,0.07073742999545272,0.15842369121802508
352000,1690040013.5073385,-698.5070175170898,119.82309885080379,-737.8531395147685,-662.6656253695684,913.9437438964844,78.73470991358657,887.8911488582079,937.7645674286869,0.09959596041589976,0.13301447196439395,0.0631259187816764,0.14580499493197455
360000,1690040115.273168,-693.8019989013671,131.62009923861913,-733.1131073641891,-651.3615865013002,910.4964935302735,82.35007540222598,883.1763769907031,934.9310455221485,0.11603535432368517,0.15414586962159052,0.0740672852247102,0.16950757597688626
368000,1690040217.3055484,-693.5138854980469,126.17908246509778,-733.4434539827994,-654.6723361714172,908.1514938354492,84.32115795412518,881.240017349014,932.9942209144803,0.12465909235179425,0.15458281958160652,0.08271197512474539,0.17862560257662166
376000,1690040319.5360734,-683.0958503723144,131.5733250167446,-723.5042786596015,-642.7242897105646,905.2742446899414,85.52940739148308,876.8942904538503,929.7483020265236,0.15371892135590315,0.18072166348792193,0.10513546911033987,0.21721667311573245
384000,1690040422.162136,-665.0031044006348,124.2138687489727,-701.4989954351075,-624.5960433312915,901.4769943237304,86.41858838354717,874.7163551349018,927.5068296717099,0.16560654751956463,0.1841067383480027,0.11561286032423689,0.23084404688841462
392000,1690040525.307981,-646.7377586364746,116.03342292846885,-681.1606944312307,-609.2639165153059,896.443995666504,88.22372573134403,868.3999133065018,922.545639225679,0.18254467956721782,0.1867367029052194,0.13047637353203845,0.24646396567662016
400000,1690040628.8984795,-650.5619255065918,141.9086510793235,-690.9915154008688,-603.6528234000771,890.3522476196289,90.51175524505771,862.5098105356009,917.88148978916,0.18882940169423817,0.19626727589305565,0.134380956900698,0.25689727058704065
408000,1690040733.0971894,-638.2389854431152,149.6851751079529,-682.0807009666894,-589.848975175752,882.9414978027344,95.01438966389458,853.3253614499598,912.3390786611669,0.20552811976522206,0.22376618082185942,0.14428363078195117,0.28653117536826633
416000,1690040837.5482063,-614.447437286377,149.81829237490618,-660.2504614808388,-567.0996695833095,874.571499633789,100.75366786072277,842.6351514299129,905.2817091850841,0.23048392869532108,0.23802818321105393,0.16111634128589683,0.31029766661519675
424000,1690040942.1235762,-624.4178520202637,160.34936094434522,-673.6727225469502,-574.0350752460142,867.0107528686524,107.25161414370109,831.9012314878418,898.3780416010843,0.2252819087356329,0.2540298730365007,0.15619102768342014,0.3139536012729239
432000,1690041047.2200477,-610.8236274719238,172.78286922067505,-663.2050858908784,-555.7980768705672,858.0882553100586,118.05404433073276,818.5125884687495,892.3278988792995,0.24260514173656703,0.27923855897400857,0.16590088736824787,0.3394150167900047
440000,1690041152.921267,-605.8454376220703,181.91570220301503,-659.6380787288027,-547.9082291519281,849.1587539672852,128.9007376578514,804.8071968602454,886.3416517924007,0.24485213160514832,0.27947604214576904,0.16658804726155438,0.34257298047480716
448000,1690041258.956036,-594.8992904663086,177.52032378789474,-648.8307637629453,-539.6069051482594,840.7980041503906,136.47280724516799,794.4066574419813,879.7724686195187,0.25866089295595884,0.2803056847893721,0.178144770792511,0.3538386893509145
456000,1690041365.8384125,-573.4365013122558,188.03576735622207,-630.8223910404895,-514.6163466240636,831.4257545471191,148.5076932537053,781.4754544748669,874.0014168060796,0.26530513595789673,0.30214003796722577,0.17888543647428554,0.3654937858038202
464000,1690041473.3743396,-554.416650390625,185.248931836569,-611.3913925818642,-496.6092017006248,821.3957557678223,163.02413710145146,765.3510949950934,866.7614152873447,0.29058860391378405,0.3136653145527778,0.20188021819070995,0.39684184997532
472000,1690041581.194214,-554.3632049560547,199.46608375133601,-615.9928284625328,-490.98237524542793,813.5450065612793,174.72943117426803,752.131868130745,862.437279214664,0.29101290199905633,0.31078793976613106,0.20439592974677798,0.39481210050808063
480000,1690041689.5007133,-547.9414024353027,212.56439395358277,-612.3127622875273,-482.96194378308354,806.4890060424805,187.19231293615084,740.7728002087066,859.3819304248988,0.2892515383660793,0.32013475675372655,0.19991265451055842,0.3986289746963809
488000,1690041798.5103676,-530.0881175994873,205.75196220900014,-591.5186287677892,-464.0381636637095,800.8025062561035,198.23830423476082,730.4027293056118,855.7688079130428,0.2936778666451573,0.3105568510682771,0.20405548857735706,0.4027827291882327
496000,1690041907.8900094,-524.1440139770508,204.12354086950637,-586.7541688623136,-462.62515781809543,796.8172546386719,205.421976431599,721.1935955383183,851.460775402459,0.2880086738616228,0.3060245421834588,0.20116021558146793,0.39193223434952357
504000,1690042017.2404983,-506.9951232910156,210.94156605600787,-571.0479023644988,-441.95160985545584,793.0910064697266,212.44318754544028,719.935825453539,851.2752901440375,0.29072963278740643,0.3163607171351943,0.20333530763224908,0.39962251180017894
512000,1690042127.0838153,-486.56297836303713,216.12775103175585,-554.9931278343752,-421.0019433047445,787.7292572021485,220.1410677204809,709.9407949557732,849.0349959905533,0.3043694645166397,0.33437063506643305,0.2102906569669544,0.4193160731489328
520000,1690042236.914064,-480.3296184539795,211.56486645774996,-549.258663623303,-417.6385973266712,783.5670066833496,224.65647434286683,703.673208371195,844.5633410849239,0.3172918135300279,0.3325921088729884,0.22222550026735868,0.42836715956053556
528000,1690042346.6893907,-466.9120002746582,200.3437197828785,-530.9642197454955,-407.63235406761066,781.1990043640137,226.27794106396007,700.5398749666384,842.8083014071021,0.3185446923598647,0.3309226478880863,0.22666304087974629,0.4293747082273418
536000,1690042456.5760078,-451.0876914978027,182.3960220419706,-509.64228321994614,-396.4495039613736,779.3315055847168,226.9879451787811,697.6953003655271,842.5642009068288,0.3257272310554981,0.3298514508158144,0.22966308164744537,0.43519701790746845
544000,1690042566.4156373,-454.70568656921387,179.37538517231474,-512.6107759351117,-400.8430179603281,779.6815032958984,225.6797024957356,699.9521878584713,842.5962148290992,0.3303736947476864,0.33024348170618584,0.23714077804701836,0.44047465009934533
552000,1690042676.101252,-437.3054649353027,171.08739270759907,-493.93785939182527,-385.3783906152847,778.3767501831055,224.5779359938016,700.6837928298096,840.8672383486631,0.34522766917943953,0.33644629817749894,0.24913620359284136,0.4601071648195966
560000,1690042785.8458228,-418.4454013824463,164.34455928616913,-472.1219607860061,-371.2811317351627,775.5355003356933,224.09879404666594,697.2856080575298,838.5549911654848,0.3550704661756754,0.3336429218184078,0.25838400754474744,0.46275160255703557
568000,1690042895.6174495,-420.50376777648927,150.06599240168765,-467.44830453451215,-375.11054706561197,773.6132484436035,222.40029171949828,698.2121513416519,836.0242999307203,0.3514348456636071,0.33171936720066053,0.25416261963189524,0.4585083433888473
576000,1690043005.3148284,-423.4017978668213,153.1457442903687,-473.1232358287006,-376.7899690873358,772.5842468261719,221.28350384552024,697.3024563599778,835.8056826113722,0.34020139258354903,0.32765307980792785,0.24590590631601936,0.44828824778420895
584000,1690043115.3711383,-417.361767578125,156.5634748528028,-467.41251219307486,-371.2112390827551,771.8492462158204,220.7420707324369,697.799236572414,834.739974266463,0.3423330320045352,0.32479132944541733,0.24934581065746875,0.4477029852596294
592000,1690043225.575181,-416.8177665710449,158.32961410750025,-468.4836148288822,-371.01229498779895,771.1252464294433,219.782328810115,698.3415560496801,835.5522172531781,0.3379254246130586,0.3242350933293698,0.24492900042299268,0.4454356194795434
600000,1690043336.1761498,-402.65437545776365,155.63996163723021,-452.48799153354423,-355.96559010083644,768.348494720459,220.52206453818812,693.7886431848816,830.8392714568225,0.3559772675856948,0.3253869897098546,0.25908399554565215,0.46266736428197996
608000,1690043447.480838,-386.58632316589353,150.2162604506271,-435.7520032751654,-342.9151394651467,763.2359962463379,220.89564443574852,689.647322784905,825.4430750889272,0.37748159747570753,0.3217342648785436,0.2824956715442379,0.4818899162474951
616000,1690043559.6526103,-384.30626640319826,154.861160436852,-435.6897975811541,-337.8138400035562,756.522998046875,220.43778706616473,679.9352745313593,818.8947675235717,0.40292982943356037,0.33201186233161334,0.30309317558436405,0.5078037296840049
624000,1690043671.9408803,-380.52416343688964,152.86128762533497,-431.1457934135087,-336.3170389820804,748.8142471313477,220.50836141677377,674.1737726247385,811.2406610163758,0.42148904837667944,0.33186718455240544,0.3175274542497649,0.5226017243331783
632000,1690043785.135159,-371.07418327331544,151.52014876130846,-423.46352707291487,-327.67762126920627,739.9779991149902,220.29902132111724,664.4783188931382,802.6094397285351,0.4455413367599249,0.3268681508369042,0.34625755661581414,0.5465647006317815
640000,1690043898.5614636,-363.4656051635742,151.01625523626603,-413.8516922751207,-319.8537024234908,731.2165000915527,219.70355897195202,660.8501598424109,796.9571970446285,0.460999177955091,0.3244068574170015,0.36041898956549284,0.5599693868302942
648000,1690044011.3227148,-366.0136299133301,152.50738796408754,-417.69611261708894,-322.47563666512644,722.1675003051757,217.30219568862597,650.0069013013893,785.130715587887,0.47285523898899556,0.32306366094166256,0.37008464594927093,0.5670166505462093
656000,1690044124.4483845,-362.509419631958,150.71044530389486,-414.38364277329146,-319.7543963832102,711.8785011291504,214.70773409371603,640.236511294225,774.512578341486,0.5019274905323983,0.3096204300587159,0.40194090715408665,0.5969479633513153
664000,1690044237.8024955,-361.0976024627686,160.06809976177902,-416.0893798767074,-316.74198922879145,702.0595016479492,212.8599269939741,632.7382163746217,765.46115180879,0.5045006480067968,0.3176009838656879,0.40501084561666867,0.600604156882325
672000,1690044352.1501348,-350.4013416290283,151.2234098448591,-401.70610838877354,-309.20927160728854,690.9565010070801,212.14727971843521,623.7688751289011,754.7429341561171,0.5276011411100626,0.32043851541038865,0.4227949286319179,0.6205058447987994
680000,1690044467.2002616,-338.390034866333,146.62800244369882,-391.62202197703095,-298.00182753109397,678.0427513122559,215.28080733858005,610.4585848997268,742.5785078743808,0.5341565664857626,0.3231513601429371,0.4288739966883362,0.6298765317071865
688000,1690044583.295753,-328.1666572570801,153.24893000675547,-381.1210107710456,-284.53159738933437,664.1030021667481,221.16544691079525,594.993368540002,731.7450925330176,0.552282328531146,0.3201262953824666,0.4500428199344211,0.6458513410251869
696000,1690044699.9654725,-311.085306930542,144.80263970366042,-362.48179061777665,-271.343795843656,650.8962524414062,227.2699200035902,578.9218022508471,720.1260030548566,0.5722228040918708,0.32206628214554506,0.4696587325661119,0.6694772932751398
704000,1690044817.9269357,-297.2234825134277,140.51732640742728,-347.2038073354224,-259.79435850063663,635.237003326416,233.46837069887113,564.8711330093387,707.9674211671786,0.6038341535255313,0.3286636813299285,0.49661336653654886,0.6999672014414887
712000,1690044937.6229088,-288.7897943496704,144.3364137469673,-341.4861789138336,-249.7153753074087,620.3290046691894,239.29956545369575,546.9971791324673,694.9388707376954,0.6189455708488822,0.32475438817109586,0.5111313698027192,0.7121932135488276
720000,1690045059.027654,-271.55489921569824,139.60470688865158,-323.0163278254592,-233.9138529173937,604.7572540283203,244.69988363491947,531.1591059548462,681.5664782073147,0.6379748331382871,0.3264268783386607,0.5320769056356466,0.7300899635272364
728000,1690045181.5395932,-257.5839248657227,122.58560993653775,-302.6047807377047,-224.12889684461177,588.3787536621094,248.73909642253415,514.7630997248222,667.8078973097512,0.6670754557475448,0.3137790243177531,0.55614689597005,0.7530305873418291
736000,1690045305.2916062,-245.31390647888185,124.6721434269312,-291.9610873434879,-212.70638208151658,571.5570037841796,253.1883550446916,495.1817561271276,652.5984571506253,0.6762963896617293,0.3178567366421192,0.5676180531630655,0.766868105507921
744000,1690045429.324546,-239.40141944885255,118.75132802228295,-285.2637075408579,-208.78231277863944,558.4410022735595,255.08073775210275,482.4097568243979,641.526139380224,0.6729509210214019,0.3320513942012224,0.5613958723230918,0.769785116530716
752000,1690045554.5933652,-231.12510719299317,109.87235872596959,-275.46774817966144,-203.17088888410404,547.3617527008057,255.35829207481245,471.1946132364059,630.1672364726317,0.6916641561314464,0.3412335308164788,0.5738014939514114,0.7908167321392519
760000,1690045681.2781415,-225.67169303894042,115.21180141892032,-269.236357647451,-196.40073546938228,534.1357521057129,254.68765799648935,458.86929605014114,619.308902460366,0.707430749759078,0.35382711178657955,0.587567393879232,0.8084768057509057
768000,1690045809.2502446,-222.73130893707275,119.31927564200703,-270.0183501126543,-192.03211118865997,520.6975009918212,255.99045268289473,447.52757538552083,605.2225159875366,0.713300458714366,0.3560236328753958,0.5897871798788441,0.8124146194714003
776000,1690045939.1730313,-207.1752670288086,95.45219933350114,-239.65413929538812,-180.85581311333348,504.3825000762939,257.87029740651525,428.2276949131366,590.9355885379332,0.7332468304783106,0.3586616940539987,0.6019330024765446,0.8305778630038626
784000,1690046069.9198825,-205.59406490325927,104.48383307341943,-242.8653818809722,-176.96557338132573,487.1482501983643,262.04431851057103,412.09368820795373,576.9089750637106,0.745283442735672,0.37221778570045566,0.614598197327917,0.8469100647015347
792000,1690046202.03933,-201.16732921600342,104.69322515832371,-239.11570096608142,-172.67087056423264,472.4195011138916,264.7519947129508,399.96544347280536,563.8084556640538,0.7528539955615997,0.37970284456304904,0.6109130205405288,0.8535550456445493
800000,1690046334.2508748,-198.54782752990724,105.75233614434727,-238.01316727886388,-170.243836908183,458.18475036621095,267.09917042264493,384.63035158051645,551.1536632357908,0.7626864332705736,0.37897969901331025,0.6239540858672413,0.8644518844963465
808000,1690046467.0114636,-194.07567977905273,105.69977138517024,-232.73363062739583,-166.13299834268034,445.27725143432616,268.6310273155699,372.94845537872374,542.1288483768111,0.781571451202035,0.3577299971213847,0.6491269959748305,0.8755723637336847
816000,1690046600.0658226,-197.44515323638916,111.73019499150102,-238.25562306584655,-167.9376482920434,434.9875007629395,269.7088352155666,363.1426286809435,531.4847122758614,0.7745248813182115,0.3626946092100424,0.6432741851062072,0.8680934306606294
824000,1690046734.3705907,-195.97311420440673,113.783693198194,-236.61759077492172,-165.5587135856798,425.77825050354005,272.4699949242503,353.687715099727,525.8277782533185,0.7766893273219466,0.35676859362863717,0.6478480798712164,0.8726076060595513
832000,1690046869.2962894,-193.82248573303224,114.53663300254806,-236.24916833141666,-164.21135858650655,418.9862506866455,274.8376103068713,346.11764111644976,523.3987354553368,0.7794983943924307,0.3578682990124927,0.6450589420292377,0.874038527617314
840000,1690047004.2613041,-192.03125019073485,111.66440995145007,-233.26196095803553,-162.37471289404445,413.33775062561034,278.1188970234123,342.0786770955202,519.2770850581796,0.7785239046439528,0.3648769492608831,0.6410451409219564,0.8741090439700058
848000,1690047139.209988,-185.72432193756103,100.40504124874347,-222.71515022688607,-159.2762408761952,409.8697509765625,279.87385188925583,336.98459732090845,515.8332217590211,0.7802327325567603,0.3578678755915656,0.647440001758756,0.8745696161331492
856000,1690047274.244304,-184.86375885009767,101.3100886240714,-221.82844792222923,-157.6224535645167,407.20825042724607,280.7799977729581,330.4318060492355,508.8978091395944,0.778663051687181,0.35744101389875854,0.6444399924522868,0.8701795559424025
864000,1690047410.69088,-184.33648147583008,105.29958867061566,-223.2322681121638,-156.42163690521483,405.49975090026857,282.1329513585124,329.24505174261725,511.08673944987424,0.7771988559514285,0.36276986032681396,0.6431232537430455,0.8739485810543526
872000,1690047547.1602569,-182.64189701080323,104.2687110884406,-220.94998097776536,-155.27268355016716,403.0240005493164,283.8898574657495,326.960070848666,507.1966426716866,0.7809443030506372,0.3643620190196519,0.6458976609740793,0.8760564681956337
880000,1690047683.9239626,-178.96891040802,97.88548968764916,-214.35701840153436,-152.62804505988865,399.97925148010256,283.8429772785741,325.27353214248035,507.3534996924545,0.7916640494018793,0.34903236679101174,0.6611084734250311,0.8838541808537864
888000,1690047819.8242853,-177.35251083374024,89.67174420664485,-209.86007407837076,-153.5153017739571,397.7592517852783,281.2119729833844,324.22433555454086,501.1213193298198,0.8076413379982114,0.3309783702823035,0.6816890051404602,0.8927601111900264
896000,1690047956.8336673,-168.53201007843018,77.59849040926798,-196.37437148182113,-147.37715769846463,395.1697521209717,276.9086108223006,325.1107524730737,500.48359110713244,0.8194912606850266,0.3134745460420593,0.7007485141779101,0.9004280607573979
904000,1690048093.8642437,-167.45957050323486,78.12920744756241,-197.00504086103143,-146.91937491183438,392.1905033111572,271.8886998867344,320.75049565417356,493.0530368002803,0.8351494336500764,0.2886285863376873,0.7203281510044756,0.9064319117772566
912000,1690048232.3027465,-165.9952018737793,82.75030415857651,-195.12672481913995,-143.89252554442697,387.17175369262696,268.16149943410215,316.5664084765937,486.7433952040638,0.8385900972411037,0.28350328510069733,0.7286734645296729,0.9106328218632233
920000,1690048371.1337762,-163.64158515930177,84.40628194317296,-194.29686929362526,-141.30925678770308,380.7292541503906,264.8554117427447,312.2342674398426,479.3908058778184,0.845343760959804,0.275917220537815,0.7338276695614475,0.9147449276146415
928000,1690048509.8810458,-161.89149265289308,77.4943889554544,-189.94316993874693,-140.61502628480943,376.01650390625,260.7642113070761,309.21617915599535,473.646550441612,0.8506967838853597,0.26502730261761814,0.7507490505035778,0.9191305502083253
936000,1690048650.137896,-157.02907695770264,79.08800248317162,-185.5795877788904,-135.79887581635032,370.2252532958984,256.45127144950794,303.10428668972304,464.21085520694925,0.8566429793834687,0.2601419311911208,0.7573975756118494,0.9238993652209896
944000,1690048791.5239403,-152.98106441497802,76.13132852679118,-181.18739538933036,-132.6517330985659,364.12025299072263,252.56585621759416,298.44426098491635,459.2519582357649,0.8564519260078669,0.27032717012344337,0.7504505427263088,0.9248793931206305
952000,1690048933.8391685,-149.29242820739745,75.58699191759548,-176.67669086382477,-128.70539035561558,357.4152526855469,249.91630356967727,291.79182398119605,450.09909354679695,0.8557567153126001,0.27294345090558786,0.7510873695583379,0.9266697256427773
960000,1690049075.7179496,-150.26941776275635,75.77760383715938,-178.25849487104838,-130.4715569670988,351.6345024108887,247.19579694747378,287.0451751086022,439.80804739862276,0.8683893930166959,0.26257640572976476,0.768068913778518,0.9343964542868881
968000,1690049218.2040055,-146.39778003692626,75.53799380205544,-174.45143773771488,-126.09684017643424,347.81550216674805,245.3310839031023,282.79818696872525,436.8549625457953,0.870933274552226,0.263665634083236,0.7690579481232647,0.9383176080179058
976000,1690049360.6828337,-143.1688669204712,69.40714970846152,-168.19930916599978,-125.02925410237842,345.4812519073486,242.35721470780894,282.2521584102648,433.49742180202117,0.8884623534977436,0.242590893448773,0.7858662783777896,0.9460579241986357
984000,1690049504.0985472,-139.70081329345703,64.07898876952468,-162.99570740551033,-122.50222957014388,342.25125045776366,240.10755892222383,279.01415099936384,432.3660609115919,0.8933433063328267,0.23403718056650877,0.7979390893460098,0.9513707536481867
992000,1690049646.9212356,-140.12256412506105,63.72706476260335,-163.81980017825214,-122.89665306773003,339.5770008087158,237.0310925785561,275.3334069302451,422.63364862297,0.8890268038958311,0.24050211127882332,0.7910668757221836,0.9473422561770396
1000000,1690049789.6878734,-142.75922698974608,63.5168292113278,-165.4958741236963,-125.75055105008458,338.053751373291,233.22252147550583,275.58472734719953,422.59776275515,0.8938523143529892,0.2263621691427411,0.7988624428069276,0.9478734542826137
1008000,1690049932.4655616,-139.03052349090575,61.27382794436603,-162.27249172897362,-123.16522565826455,335.8062496185303,227.56019919522066,276.5871064396991,420.8168191139052,0.9113284301012754,0.1982975784484155,0.8273305713539452,0.9584269059199249
1016000,1690050075.3970046,-137.14891757965088,60.40082898971871,-160.49586984982275,-121.38027805354065,332.65074996948243,222.13016907238608,274.1566742390201,414.61605967537116,0.9147912453860044,0.19457855224855622,0.8315618305670524,0.9596591009553778
1024000,1690050218.8757062,-136.1073751449585,59.573816596441645,-158.48451795150325,-120.5750519953759,328.9027500152588,217.66492136133118,271.03695297174073,408.7081007600711,0.9127926003187895,0.19392845829800542,0.8261659051128797,0.9576916123612362
1032000,1690050362.7910526,-134.0482671737671,54.179065692741545,-154.34483450506997,-119.70962461189245,323.8512500762939,211.88428952792714,267.5202417014979,404.3694153605791,0.921174181625247,0.1850284854540615,0.8332215799310222,0.9625350626490552
1040000,1690050506.5577812,-134.39017963409424,55.24465749514949,-154.55113171236036,-119.33566265870067,319.972749710083,204.3934381165179,266.4270012071009,395.773900928043,0.9235820155590773,0.18537785213043756,0.836175761273434,0.9649512113282841
1048000,1690050650.3670707,-132.80210933685302,51.596090636148254,-150.44946690986637,-118.90016985894471,315.5622497558594,194.50341862761357,265.0519506836687,388.4524387108909,0.9326313506811857,0.15787425023748314,0.8533008855157553,0.9675567805418627
1056000,1690050795.534607,-127.40032176971435,45.56092764534856,-144.3465067972104,-115.54798582951666,307.8404991149902,182.5683374207763,261.6327104691794,378.05794884643996,0.9539585702121258,0.10549434540704146,0.9021557087624674,0.9766251500148009
1064000,1690050941.1311793,-125.47315883636475,41.65878606087108,-140.526594068558,-114.04378554775764,299.8739986419678,169.8005942829512,256.489025687781,363.3771289409251,0.9634838029742241,0.06992055298038541,0.930997610714657,0.9790397134053791
1072000,1690051087.3596063,-122.34150390625,42.386900706498785,-137.33503216438902,-110.87477072480536,290.78299980163575,159.4460899993732,249.41177558631603,350.538466775096,0.9680770337581635,0.06579911957252006,0.934315417120893,0.9823890799842886
1080000,1690051234.8258471,-119.3316743850708,39.524129266086014,-134.02176603633416,-108.68522623328542,281.17699966430666,147.14347324348833,243.88321781425907,336.3996997217523,0.973007170855999,0.06246660588912775,0.9389887105733471,0.9858664561937432
1088000,1690051382.775297,-115.46275157928467,38.40311182330789,-129.41850262476405,-105.44633894866902,270.1669994354248,133.110405990684,236.21808329428742,322.4352716782845,0.9776634737849236,0.060112841603742924,0.9427797481092581,0.9893479103278525
1096000,1690051531.4094832,-114.44736862182617,34.635607151751955,-126.89176809223082,-105.08591801917947,260.8044979095459,117.51040743233823,232.20953590082829,307.5067343651315,0.976646801829338,0.060620823885993595,0.9428271069473427,0.9887609751950333
1104000,1690051680.0569167,-112.60745868682861,33.002253259702826,-124.49093505140772,-103.61776056133192,251.69399795532226,101.95823381505252,226.54706097373503,292.19349341942524,0.9774532541632652,0.06071149636529048,0.9439023989449812,0.9893969674257743
1112000,1690051829.0554383,-112.99850387573242,32.00895946650952,-124.61337194614305,-104.2732953119383,244.98399848937987,86.31002177578117,223.21225248260103,278.323966699626,0.9834749013185501,0.028206233564774176,0.9727618005422699,0.99081741012317
1120000,1690051978.377468,-112.14366722106934,31.810056351388994,-123.20755772097382,-103.40501720333187,240.14274978637695,74.8483788173269,221.1251596838868,269.0645751872281,0.9831521466374398,0.02771418462808267,0.9723783641735863,0.9900352037540848
1128000,1690052128.7544837,-107.85126705169678,27.67391060271333,-117.37292315461254,-100.30358553012177,233.9514995574951,62.675484479737236,217.89927994620624,257.7724202036939,0.9866700038313866,0.021792175277444942,0.977987545124338,0.9921803428385281
1136000,1690052278.9729767,-109.2996747970581,28.13163801861218,-119.3353791053496,-101.39759517572786,228.85624961853028,50.61365666087196,214.75235900707148,246.50842192270568,0.9842234805226326,0.024186799362983607,0.9753006026977492,0.9905903167389922
1144000,1690052429.3096154,-111.19435539245606,29.49308269927277,-121.18381223139127,-102.70925645790024,226.88374977111818,44.61513343915305,214.60645804116479,242.49371843625192,0.9820311903953552,0.024934248844286026,0.9728130181660929,0.9887775050532934
1152000,1690052580.1100528,-112.10534362792968,30.242791986209376,-122.46772582138013,-103.5796167926429,225.98349990844727,41.560631201111214,214.50359455301228,240.5620930670026,0.9806265220046043,0.025541711042792892,0.971424634315096,0.9873943682177208
1160000,1690052731.4229827,-109.70390014648437,28.049460854494047,-119.21426501455075,-101.71538535439512,224.5420009613037,38.79488379464382,213.96341505069643,238.37056571464768,0.981637428700924,0.024298709522975828,0.9731710651792682,0.988394063604107
1168000,1690052883.8969646,-108.60168209075928,26.51771966074614,-117.52041970377509,-101.04126719627276,222.7875011444092,35.33025632959677,212.71305727095321,234.9102880079324,0.9801617339253426,0.024036611922232182,0.9720852153439142,0.9868010181254182
1176000,1690053036.9305482,-104.96238613128662,24.06449145891313,-112.97894260868277,-97.98010492318026,219.76425132751464,32.40987285588323,210.59100964886687,230.80266349157876,0.9838407516479493,0.022695987620305273,0.9758265240573902,0.9901934344959631
1184000,1690053190.5220764,-104.75834522247314,23.715842273226436,-112.4997618986934,-97.91304722047803,217.88325042724608,29.41509629298316,208.77964627640299,226.82824554342304,0.9841990694403648,0.023227354291788828,0.9760574055105861,0.9904717615306123
1192000,1690053344.1260324,-104.31070137023926,22.99926932562668,-112.33113854003324,-97.77445893021302,217.03625106811523,27.462335070590765,208.14055455128266,225.35077994251705,0.9857333391904831,0.02322044817299219,0.9770608729515492,0.991662220822929
1200000,1690053498.423715,-102.1345350265503,21.149630103132925,-109.55213115157584,-96.30056856487651,215.90675086975097,25.41836803128476,207.61736040942267,223.71728596926843,0.9883469760417938,0.020418339483287435,0.9804058603938957,0.9936363073183002
1208000,1690053652.7195156,-101.38406982421876,20.39226870524459,-108.65457193181565,-95.79321458887095,214.14975051879884,24.331899342924164,206.36411860617494,221.23280359864987,0.988449789583683,0.021087082705391978,0.9803034067483448,0.9937094421470942
1216000,1690053807.3909307,-99.28044185638427,18.227890932804634,-105.76320678504783,-94.30996879207834,212.46875076293946,23.77432523977887,204.66461296905163,219.48124120872214,0.9898722380399704,0.019784757970463952,0.9820157817055716,0.9947702300156752
1224000,1690053962.14613,-98.05287704467773,17.883452864692316,-104.38507149242342,-93.08406199845314,210.35325050354004,23.511901673466973,202.90583040502122,217.4230637479274,0.9912908419966697,0.0164827084806936,0.9848674081932078,0.9955030088926223
1232000,1690054116.9356525,-98.06807804107666,17.070853488269172,-103.97558577918187,-93.31336134640777,208.83549995422362,22.116096587018113,201.97535183756256,215.77414053168775,0.9909458503127098,0.01712435882222158,0.9843412533919662,0.9953615874052048
1240000,1690054271.7691703,-98.10097045898438,17.16556068097641,-104.30604676281382,-93.37760569554321,208.1064998626709,19.517163442961905,202.18018165166785,214.2874586678726,0.9909458503127098,0.01712435882222158,0.9843049335538774,0.9951794497566762
1248000,1690054426.5845847,-96.21366863250732,15.990844726198446,-102.00937969906877,-92.04306737565487,206.04100074768067,16.760390235758482,200.93352642920928,211.43855018390235,0.9922616392374038,0.015687161775352024,0.9862299846972188,0.9962537676095963
1256000,1690054581.6496387,-96.79491710662842,16.531146701656677,-102.84928619245183,-92.38347875234624,204.70025062561035,14.973945450213154,200.24066939081865,209.50743729379232,0.9916143238544464,0.0158921349668581,0.9854407258665556,0.9955957427620887
1264000,1690054737.1706872,-98.05741462707519,19.098039984143742,-104.87971797117012,-92.89516276792875,203.76200103759766,14.312930366417287,199.33763027875767,208.18714868158557,0.9900423541665078,0.017839953738528914,0.9832518451336368,0.9946904763579368
1272000,1690054893.085233,-96.27224769592286,17.241478594281475,-102.60838640454004,-91.64446353022286,202.3320011138916,14.397536296384828,197.95415973736417,206.76781549156132,0.9928075060248375,0.014538201075960815,0.9869838549286233,0.9963408470153808
1280000,1690055048.934382,-96.68129348754883,17.608421338726867,-102.98866319922008,-91.93861320393586,201.99975051879883,14.895870612254713,197.63162700474803,206.8159381172977,0.991798734664917,0.017018477038793868,0.9850589895810712,0.9959617629647255
1288000,1690055204.673023,-98.2632007598877,19.090222635208043,-105.37224903956793,-93.25229832494215,202.38125038146973,15.310248107982222,197.73717835757412,207.22464143859628,0.9915025219321251,0.018804075966276097,0.9838364486135237,0.9960615143179894
1296000,1690055361.080771,-97.24840145111084,18.56918169242434,-104.04334302040337,-92.27505734055357,202.41225051879883,16.008182090949607,197.6218065146704,207.64240817936144,0.9927134528756142,0.017781516387502007,0.9851458500824285,0.9970864221453667
1304000,1690055518.1830885,-96.51328907012939,18.528203239482913,-103.50615932089015,-91.71085483438168,201.2555004119873,16.02013756712729,196.53719262599316,206.5179491654675,0.9919322028756141,0.018127349670998504,0.9845510287706208,0.9963477954619098
1312000,1690055675.053468,-97.85130043029785,20.19874006537661,-105.22202489640402,-92.48169681415249,200.58500022888182,16.32264881841581,195.79333452229696,206.01651765357448,0.9903697028756142,0.01996506408281586,0.9823470314307656,0.9952117278991454
1320000,1690055832.520385,-96.5676425933838,19.790551328296722,-104.13693308710678,-91.59038383314547,199.53675003051757,16.332661664236678,194.9195718792471,205.07125954938715,0.9905030369758606,0.01986531293398392,0.982578173640788,0.9953723805736368
1328000,1690055989.6177785,-96.36976070404053,17.901725540818017,-102.94742855199995,-91.61189342992859,199.51824951171875,16.277857304903527,194.95883286724506,204.96325322009415,0.991309617459774,0.018369061022858516,0.9837792185526748,0.9957040950655938
1336000,1690056146.607684,-96.39633255004883,18.720474232741424,-103.51728514934182,-91.54955047122151,199.80849990844726,15.146674557511771,195.360040366947,204.66222774665326,0.9897471174597741,0.02013652902496589,0.9815363156072513,0.9947606682121423
1344000,1690056304.3242195,-95.81151008605957,18.3930835066692,-102.99020786638691,-91.09791673833324,199.02624969482423,14.844448817221991,194.73901809526384,203.98922431022825,0.9902629896998405,0.018198873070521513,0.9828261938917056,0.994757672201014
1352000,1690056462.7242103,-93.70418338775634,16.992699801479855,-100.07063486550531,-89.20254014957324,197.91474990844728,14.731267451954146,193.5784498293735,202.69643774633133,0.9912179976701736,0.016190724610962735,0.9847012113819102,0.9952667534351349
1360000,1690056620.9839091,-93.80576133728027,16.932488039351625,-100.30915520377967,-89.46981800724163,196.39050064086913,13.881629335142286,192.12566022473854,200.6808837900774,0.991272197663784,0.01614193918633797,0.9849650297737589,0.9953649399602277
1368000,1690056778.8872194,-96.34592266082764,19.549789391260344,-103.42716342791348,-91.27960615630353,196.24550018310546,13.959302510621127,191.99899444751622,200.57799257185368,0.9881189405918122,0.022296226426361813,0.9789710955770234,0.993640477133683
1376000,1690056937.18685,-94.79924983978272,17.636121864221046,-101.50791207409819,-90.38568326050846,196.12024993896483,13.441639548176301,192.1059099858524,200.45807703194322,0.9890235453844071,0.020915437450490387,0.9805400232690487,0.9939464746514709
1384000,1690057095.470122,-95.61135387420654,18.28698295242349,-102.2284264992948,-90.78031273205427,196.16450004577638,13.985500758224294,191.97384617402264,200.58957713329423,0.9888812571763992,0.021002720889957426,0.9799481121063177,0.9940120659442906
1392000,1690057254.24623,-95.35527477264404,18.071921437716462,-102.15550644601298,-90.5538467086229,195.7987503051758,14.045614972116374,191.56564700482173,200.2289297282066,0.9888755425810813,0.02101061107602534,0.9801047265379708,0.993920508555875
1400000,1690057413.0886872,-94.303302192688,15.94697222882726,-99.90572448900771,-89.95064206679878,194.96049957275392,13.597647798709074,190.87903291672276,199.3519999413582,0.9904380425810814,0.01939360850827198,0.9817463013352441,0.9948948673805901
1408000,1690057570.8137355,-95.62867965698243,17.666848408953996,-102.09015934444898,-90.97936291676177,195.58274993896484,13.326728554005275,191.64463548449677,199.97099473752522,0.990501880645752,0.01995168461874763,0.981633024284511,0.995047619622038
1416000,1690057728.4998329,-96.18481636047363,17.111750193769875,-102.52444064247999,-91.71960735093762,196.66924972534179,13.35595511099969,192.73629496236637,200.94791033260523,0.9899402633309364,0.020718616654102687,0.9809764779708517,0.9948656123577915
1424000,1690057886.62331,-95.18848056793213,17.569576090279618,-101.74481574211558,-90.65423262372637,197.5492488861084,14.19766717102416,193.37258738545776,202.38963473050745,0.9898708194494248,0.020763871795536522,0.9807235926396789,0.9948618289196832
1432000,1690058043.8013866,-93.9467758178711,15.751152842150548,-99.49758353687469,-89.64215709665498,197.1257495880127,13.676612737631757,193.13076939192192,201.62140099621368,0.9930477514863014,0.013505668988331958,0.9878631846421437,0.9965628564463088
1440000,1690058201.6638324,-94.92126598358155,16.699593497207868,-100.54318871391403,-90.26276234231511,197.08899955749513,13.906252704982995,192.91874672705384,201.5844934084121,0.9913560643792152,0.014770527549152536,0.9859727233002848,0.9953857410923799
1448000,1690058358.4858005,-94.98106727600097,16.312875598396456,-100.67516994100647,-90.50700869864164,198.13699913024902,14.84539121956577,193.57362823997448,202.62499858425284,0.9926220893859863,0.014366315426433284,0.9872224339952312,0.9963111326098442
1456000,1690058514.6594384,-95.91817855834961,18.35811781037048,-102.46154934560332,-90.96295575222956,199.0799991607666,16.37924448016214,194.06857661330514,204.28136448534863,0.9904637590050698,0.017654017010368186,0.9838505500687379,0.9950895974365687
1464000,1690058671.0958748,-97.00411758422851,19.01614635853366,-103.40734917964429,-91.61402024685306,200.2082492828369,17.752890516475052,195.00291537855563,205.84155787691572,0.9891470581293106,0.01787500762473924,0.9826758388798909,0.9938310893915909
1472000,1690058827.659144,-95.59063663482667,17.58121752055236,-101.63478951965865,-90.67542692443365,200.22649917602538,18.6129801311585,194.72172725811473,206.21693101206063,0.9902340143918991,0.017165920111202916,0.9838513231160685,0.9947639762569962
1480000,1690058984.0475981,-95.71643180847168,17.335304594264112,-101.8170039517535,-90.81099274660153,199.4912494659424,19.459256518044498,193.75817615894502,205.86552292210982,0.9895762369036675,0.01737292723016122,0.9829971756120471,0.9941241571119438
1488000,1690059139.3683643,-98.25224266052246,17.574536217039945,-104.21267851235379,-93.18223527465918,199.8794994354248,19.108737071594163,194.03795156144557,205.99833428879975,0.9887714967131614,0.01759788799977882,0.9824402017581243,0.9934821093354699
1496000,1690059295.5663102,-97.15009307861328,16.200814892131664,-102.69660808923393,-92.61347876093032,201.34624938964845,19.022875527345445,195.61560311822882,207.43649386579133,0.9895290717482567,0.017411714800965643,0.9832994530442972,0.9940725813838528
1504000,1690059451.24152,-96.60886325836182,14.987801120124958,-102.0503411030183,-92.57381705846892,202.1827491760254,18.41406297142752,196.6891464461899,208.3684005228804,0.9913104727864266,0.01645451819541929,0.9850847746171587,0.9954904143372639
1512000,1690059607.9692466,-95.5665018081665,15.64020660002733,-101.20956161913135,-91.3899938471137,201.0387493133545,17.480113387173912,195.93555265287165,206.7933387484698,0.9913104727864266,0.01645451819541929,0.9849918171091521,0.995465892242093
1520000,1690059764.6004252,-94.0284273147583,13.502307986718373,-98.52048556307798,-90.14120278896866,199.68924942016602,16.29679519800115,194.9754358075635,204.99341577867335,0.9938821628689766,0.01285736664415811,0.9888765248050267,0.9971357733011246
1528000,1690059921.0856094,-93.82329139709472,13.404939562288568,-98.28381516827464,-90.06199279553684,198.99549980163573,15.618518414399812,194.45452644033224,203.98043797764257,0.9938683301210404,0.01289352957802393,0.9887913029202231,0.9971049785614013
1536000,1690060077.4865413,-95.05262966156006,13.733907439120957,-99.53332053722978,-91.18921820265909,199.25324974060058,14.865995011461099,194.84403518355342,204.10562165545056,0.9924751400947571,0.013643912447469512,0.9872481172573305,0.995986113702514
1544000,1690060233.5914414,-94.48759059906006,13.99314644438097,-99.12362312239222,-90.4092680434071,199.46349906921387,13.989470573966937,195.39249955046725,203.94549979348142,0.9943524301052094,0.011444048086493627,0.9901066815428041,0.9973389327526092
1552000,1690060390.5472615,-91.75350666046143,12.986363603489808,-96.08371009621892,-87.95935083668427,198.46824913024903,13.713639094838332,194.49038214626077,202.90338229262738,0.9957821696996689,0.010205621450949451,0.991593963933161,0.9981786847114563
1560000,1690060547.6173596,-92.82904872894287,13.221914655289943,-97.15501593247616,-88.9446793811099,196.85224876403808,12.988425684317844,192.99397383189202,201.06222370963548,0.9939192801713943,0.011459805108735068,0.9895486313083978,0.9968946727504568
1568000,1690060704.3756495,-92.88252220153808,13.418538743988321,-97.36004808490205,-89.13896971111987,196.0559989929199,12.419658098080427,192.40839969430687,200.10968136097782,0.9944874614477157,0.011180384920175116,0.9902035055117954,0.9974018156528472
1576000,1690060861.1538246,-91.91094989776612,13.000785815306337,-96.37794094119981,-88.17082267658485,196.19199905395507,12.726569174341572,192.46551952893583,200.3144411993628,0.9932436048984528,0.011870757978097455,0.988965342322228,0.996502947807312
1584000,1690061018.8903015,-91.36178150177003,12.620776536038331,-95.49173292577214,-87.70156338065787,195.78899841308595,13.350734000667824,191.9182083174839,200.16068399451333,0.9934342354536057,0.01143622894838449,0.989394297043996,0.9965693690067126
1592000,1690061177.1316996,-91.08741874694825,12.433435447707183,-95.13404346251126,-87.41923171739573,194.80824813842773,12.343984061733535,191.32914051136743,199.0178803742323,0.99349874407053,0.011308982398841642,0.9893960863312183,0.9966455700209478
1600000,1690061335.2107913,-91.10959892272949,12.602829313477608,-95.36700863709763,-87.5016172724882,194.00499801635743,11.791874792830114,190.55937640099026,197.89797434294994,0.9942162588238717,0.010771715256174267,0.9903210630842554,0.9969362312640453
1608000,1690061493.4894836,-92.59782791137695,13.193609870779646,-96.99608013048545,-88.76826422330478,194.54199829101563,11.055766030292162,191.26479123421777,198.14828513130547,0.9918154641985893,0.01285846439798198,0.9873872011004775,0.9953906086485523
1616000,1690061650.9736292,-93.61493701934815,13.731002320533538,-98.01500935023448,-89.5731890952229,195.4007480621338,11.231975829332148,191.974829982017,199.0272021431629,0.9911011785268784,0.013173680965497684,0.9866135837908401,0.9947792989893797
1624000,1690061808.6391103,-92.64636516571045,14.855455753455495,-97.59347049212315,-88.37567867156582,195.96124839782715,12.2736911065734,192.17044986910517,199.86728922425863,0.9915751785039901,0.01319015068664645,0.9870308859271802,0.9952583854466792
1632000,1690061966.5791516,-93.62907810211182,15.833906624541074,-99.00775893973696,-89.1292204706701,196.26724853515626,13.19292731888631,192.29363293135296,200.3698219092685,0.9895513683557511,0.01521804198506269,0.9839034242943075,0.9935241933308478
1640000,1690062124.396827,-93.86067905426026,15.580936097115975,-99.29818287767276,-89.43648958416019,195.78299865722656,13.364709000664645,191.80567852112088,199.96918324191904,0.990795224905014,0.014995337243889547,0.9853830372104628,0.9947608321905136
1648000,1690062281.3835552,-95.4059492111206,15.745771678820903,-100.39969062974527,-90.86904204329183,195.69174880981444,12.924654169794586,191.67558223856076,199.78697915824202,0.9895145148038864,0.015261958893094672,0.9840843889582882,0.9936636850798996
1656000,1690062437.829683,-96.76748046875,16.15381567940461,-102.12854766447273,-92.08757374741717,196.85674896240235,13.37030455270267,192.55034809892896,200.92989683311293,0.9882706195116043,0.016273823981203365,0.9824931434017748,0.9926191395076478
1664000,1690062594.1201172,-97.12311725616455,16.17436503440821,-102.22186146874652,-92.29378387640263,197.74974899291993,13.8231361950812,193.2996205783407,201.85326529957027,0.9874988168478012,0.016441588063319985,0.9817992775463482,0.9921551743336142
1672000,1690062751.2360578,-96.93991718292236,17.34521295931925,-102.57713607025369,-91.71802551698296,197.26774940490722,14.6644303074865,192.74262156858072,201.6955908962694,0.9880519077181816,0.016780125831035272,0.9821676684482449,0.9926260304820874
1680000,1690062908.564787,-96.13919239044189,17.07446521683027,-101.85492531569355,-91.13415699322393,196.3375,15.44582315924692,191.4937587948543,200.98208603011068,0.9887661933898926,0.016665022061025554,0.9826941299426716,0.9932263027651327
1688000,1690063066.0476665,-95.44567737579345,16.62249019919056,-101.04162506950927,-90.66697864430328,195.21624984741212,15.954194859481047,190.32504534557108,200.12610518585913,0.9894606381654739,0.016539440181439255,0.9833367017145135,0.9938890683907804
1696000,1690063223.5783317,-94.65451297760009,15.61138847794554,-99.98849573943528,-90.17323709150727,194.55474929809571,15.622919910724134,189.96218005190937,199.60200681755072,0.9908892095088959,0.01483213007938591,0.985557044836233,0.9948487330535866
1704000,1690063381.8111682,-94.566157913208,15.915172862865752,-99.98708266627193,-89.98023488026666,193.93149909973144,14.90355617625017,189.4493284744789,198.67487121637387,0.9903078138828277,0.014919147069962035,0.9850181763927516,0.9944174377054928
1712000,1690063540.5866647,-92.35541172027588,15.475604903396164,-97.87110802925632,-88.04780103099513,193.0432498931885,15.119872403470854,188.49728751416995,197.92536533705922,0.9923238188028336,0.014236732735476706,0.9867347762651544,0.9959100880009809
1720000,1690063698.7185845,-92.00019989013671,15.002322570566044,-97.38552903612164,-87.76131133257978,191.51025009155273,14.62384521491074,187.2647179866242,196.32673151511318,0.9928933769464493,0.013043549414602215,0.9877343379967067,0.9962086758531858
1728000,1690063858.1577775,-89.89080142974854,14.184868357039282,-95.09463343089836,-86.13709040965509,189.90300025939942,13.670573374621934,185.82446057320433,194.41158692026474,0.9937726736068726,0.012341827637988235,0.9888630746365942,0.9968978028832978
1736000,1690064016.422446,-88.48608779907227,11.736107590017504,-92.6953735986253,-85.2635862589429,188.7532501220703,12.680547303578724,185.08305445278577,192.9508980189264,0.9956203773617744,0.009557711742953497,0.9918936475444258,0.99814213514328
1744000,1690064175.1476245,-87.85620098114013,11.799402709850122,-92.14016014487841,-84.67148312120442,187.91924972534179,11.447864994592871,184.56161378917665,191.5527599977486,0.9956203773617744,0.009557711742953497,0.9919005009896812,0.9981344367473115
1752000,1690064333.6002243,-87.3981523513794,11.379279453398208,-91.46965203253752,-84.40961499893866,187.02024993896484,10.161976114293694,183.98676173388446,190.2444313829972,0.9957195833325386,0.009332267082798593,0.9920497927382915,0.9981493517756462
1760000,1690064491.6922927,-86.62620391845704,11.737540395308624,-90.96708176434983,-83.53538875694579,185.658500289917,8.979155324875391,182.98161988720207,188.4978221122258,0.9956898227334022,0.009396177333871197,0.9921647251774776,0.9981493517756462
1768000,1690064647.9233906,-89.11725196838378,14.77196930403823,-94.88091562110534,-85.36948085431732,186.27225036621093,9.903530756716728,183.32402383660386,189.49191069848885,0.9940989628434181,0.013078647623110394,0.9885478009301948,0.9971550330519676
1776000,1690064804.003719,-89.38756809234619,14.730605700515952,-94.94114196818904,-85.67724055778712,187.55425033569335,9.850763255497036,184.65461996556058,190.64971880094296,0.9940989628434181,0.013078647623110394,0.9886948972238647,0.9971162833691449
1784000,1690064960.533995,-87.4029088973999,13.602508857861658,-92.79086866056309,-84.04765595403519,188.05899963378906,10.113103809411276,185.07938217162433,191.34753834100752,0.9960393249988556,0.011813209267940043,0.9902219561228868,0.9987652450799942
1792000,1690065115.8986077,-87.6585340499878,13.12990363887699,-93.12148697256475,-84.51306816053838,187.6722496032715,9.58951119527622,184.8586857504813,190.84282894232655,0.996607506275177,0.011437510545979062,0.9904506722647255,0.9987950056791306
1800000,1690065271.09542,-87.88870296478271,13.638131710640529,-93.34205245790282,-84.47358858563491,187.66374969482422,9.29298344199653,184.91699578288893,190.67585341403588,0.996607506275177,0.011437510545979062,0.990352123105827,0.9987950056791306
1808000,1690065425.1840243,-89.75787734985352,14.111934463977038,-95.09012809798718,-86.05158384525757,188.64349975585938,9.48819864057179,185.83202234821735,191.7308214027006,0.9953982993960381,0.012267834534384398,0.9895672738948967,0.998170006275177
1816000,1690065578.1142573,-92.97311229705811,17.447049139845454,-99.82389338008448,-88.5842457354799,190.32049942016602,10.113025671602111,187.35833127908722,193.6572240462482,0.9943268716335296,0.015376272487970351,0.9873399119215606,0.9978125005960464
1824000,1690065730.2398753,-94.04353675842285,17.459840591022697,-100.78530064800661,-89.64198024966238,192.49174957275392,10.764808310181126,189.51249885565122,196.28091160773417,0.9942939758300782,0.015418933271092509,0.9874651417841709,0.9977888307711945
1832000,1690065882.948915,-92.14197654724121,15.561262261288006,-98.16573881355359,-88.26808192143518,192.87474975585937,10.952666703504192,189.83686547551767,196.63840247011566,0.9958252057433128,0.012521243521508785,0.9896159991621971,0.9987010791897774
1840000,1690066034.8778348,-92.16077404022217,15.321070077460034,-98.16911306964897,-88.38524467872837,192.00974922180177,10.701325899161063,189.11896678047958,195.7733394152634,0.9958252057433128,0.012521243521508785,0.989555040527619,0.9987010791897774
1848000,1690066186.6388211,-92.44903469085693,15.652087628527052,-98.57471792170729,-88.55447468197933,191.6527500152588,10.561834467622893,188.78683082125906,195.5100604054148,0.9951841801404953,0.012940435789806208,0.9891088320535575,0.9981160283088684
1856000,1690066338.5495057,-92.68231410980225,16.3470809605834,-98.86349297323723,-88.44161024469048,191.33025016784669,11.182460063450897,188.17063342121043,195.20407689246983,0.994574424624443,0.01326959693312849,0.9884316720917753,0.997508741915226
1864000,1690066489.8798432,-92.2023473739624,16.106951748279332,-98.4384879431093,-88.16682180201138,191.0659999847412,11.195678170668835,187.9265267326482,194.8415283272087,0.994574424624443,0.01326959693312849,0.9882991759432957,0.9975400120019913
1872000,1690066640.6119723,-91.65953712463379,16.006606444862488,-97.65588728912749,-87.58665692024027,191.17200050354003,11.51287081853761,188.00631800646244,195.1945951578245,0.9938605546951294,0.01692351935240372,0.9860296705189407,0.9976923078298569
1880000,1690066792.1180851,-89.66779079437256,12.709800014598496,-93.68267034387164,-85.90734585400092,191.33350105285643,12.428609623689757,187.96682738198606,195.97461344165458,0.9937124714255333,0.014743496702655397,0.9867825144819652,0.9969199523329735
1888000,1690066943.3693535,-88.85741062164307,11.865432386255812,-92.92209778269448,-85.53841091497164,191.03450088500978,12.37283156963859,187.73201849798818,195.57467842778914,0.9938148111104965,0.014617789928052438,0.9871295162856788,0.9969886690378189
1896000,1690067094.7056139,-88.75097427368163,13.434758282442258,-93.41367930032834,-85.01947797129199,189.89375114440918,11.971421543401377,186.80494817617694,194.48087350796553,0.9937801614403725,0.014665431541948002,0.9869833793309576,0.9969939514081707
1904000,1690067246.390222,-88.0103530883789,13.59703073662592,-92.73374045578136,-84.1442748904973,189.27775077819825,12.340919803259997,185.93692525608185,193.90797872277017,0.9937801614403725,0.014665431541948002,0.9870877175363414,0.9969657391309739
1912000,1690067397.140302,-88.72854442596436,12.766219298631604,-93.14627838123269,-85.15023226086547,189.11800003051758,12.382221688121861,185.82937001477956,193.65311840495366,0.9938259482383728,0.014607469846480804,0.9868771595276705,0.9970054224133491
1920000,1690067547.4343193,-88.75979328155518,12.019538767647962,-92.93650413497575,-85.31343999143662,189.7747501373291,11.801435418240574,186.75963300825944,194.35590766131534,0.9932861268520355,0.01476424599228922,0.9863261692918618,0.9965072602033616
1928000,1690067697.818402,-89.35004196166992,11.925584169769301,-93.37947003743541,-85.92081795856272,190.52200050354003,11.724599942046789,187.41958724680433,194.8609716098014,0.9932861268520355,0.01476424599228922,0.9862427080422579,0.9964946344494819
1936000,1690067848.748695,-88.44847679138184,11.56318075794474,-92.3522676324452,-85.14012175856936,189.9217502593994,10.980167014915565,187.0392081279196,194.2547205024538,0.9952092036604882,0.009600955491656854,0.9916252685234808,0.9976435378193855
1944000,1690067999.1301737,-87.93722534179688,10.405374437656715,-91.65661985472023,-85.12750261165559,189.0694995880127,8.750146001528764,186.7430629776517,192.26793469280253,0.9970239534974098,0.007896626532575628,0.9936688107940936,0.9988504230976105
1952000,1690068149.337831,-88.85578479766846,10.725433371645021,-92.70331197989354,-85.83217296873029,188.551749420166,7.63478716663484,186.3067499947611,190.98463714343958,0.996401572227478,0.00858513095360856,0.9928286471518349,0.9982822418212891
1960000,1690068299.7455666,-88.27496337890625,9.23857558711208,-91.09496111921324,-85.29185647732231,189.08224906921387,8.648825846492148,186.53624931607365,191.90448042143208,0.9954089686274529,0.010501636484528676,0.991351895509642,0.9977865934371948
1968000,1690068449.2203865,-90.43090133666992,10.771580162870158,-93.70000605716103,-87.04828680404336,190.15475006103514,10.130927715669584,187.17813463343617,193.4653376236712,0.9933747529983521,0.011951735271774604,0.9887404121823998,0.9964092733965537
1976000,1690068599.6216362,-88.55694923400878,11.148475352072547,-92.12021151875149,-85.19296952419535,189.8157501220703,10.267651069761762,186.6981286319883,193.12760662683218,0.9939699918031693,0.011670668601034473,0.9895090885918493,0.9969954403152641
1984000,1690068749.710503,-88.65438442230224,11.259238150487993,-92.29788094808235,-85.28053628712499,189.83325004577637,10.87848447698309,186.59800132479816,193.3315008285975,0.9944945693016052,0.0114650195813591,0.9900325393695834,0.9974338695406914
1992000,1690068899.8853097,-87.65693683624268,11.549016536407366,-91.18853141918893,-84.16280596165295,189.3322498321533,11.242701842980095,185.96829679531035,192.96508421112495,0.9944945693016052,0.0114650195813591,0.9900847129857387,0.9974201947450638
2000000,1690069049.844046,-89.26452922821045,12.857397667368192,-93.39877469638212,-85.36561216973654,189.47099990844725,12.030431096723444,185.93498354151134,193.3837290277682,0.9931850448250771,0.012243094272382214,0.9886964369471969,0.9963586081967252
2008000,1690069199.8140457,-88.95938606262207,12.845234479271294,-93.08177693679568,-85.1546961052262,189.54800033569336,12.693511962164612,185.8201713813599,193.65653412455111,0.9925440192222595,0.012537219587265553,0.9879570182050909,0.9958194721902827
2016000,1690069350.0139728,-88.194362449646,13.05035287017616,-92.4782352548316,-84.34611308668634,189.25650062561036,12.90529152498992,185.5817160394834,193.58235157975514,0.993140560388565,0.01230679395415957,0.9886360642188812,0.9963398867598544
2024000,1690069500.019862,-88.32058200836181,13.03622564421261,-92.64781104197473,-84.61340451518643,188.9780002593994,13.254416909834623,185.1424786109102,193.31861614987147,0.994362410902977,0.010570162940477735,0.9904352841415348,0.9971305311930113
2032000,1690069650.2995408,-86.41910896301269,11.379897227192505,-90.26242740061076,-83.1151052006236,188.04324951171876,13.30493230413571,184.23418823835496,192.55730285817785,0.9963966265320778,0.008668939908850768,0.992845075822631,0.9986446887254715
2040000,1690069799.649778,-88.65380630493163,11.666021232336442,-92.42955952922193,-85.26202126008674,188.61749992370605,14.057605540404325,184.30155166641853,193.0871036504324,0.9951890364289284,0.009724621712580983,0.9915494220875672,0.9977221772074699
2048000,1690069949.119944,-90.97400569915771,20.658722136503727,-101.3794159247746,-86.59504302366463,190.39300041198732,15.39931611706838,185.73584977965947,195.2741890276797,0.9927837327122688,0.020428500539227255,0.9809620971226629,0.9968540862202644
2056000,1690070098.6177337,-91.00309677124024,20.665759293164342,-101.79772310416537,-86.63975883952882,191.34425010681153,15.804796763197565,186.79608272661662,196.42962775331964,0.9927837327122688,0.020428500539227255,0.981494121338426,0.9967977657733501
2064000,1690070247.9279237,-90.39587993621826,19.8531113330503,-100.58485525711959,-86.32190508977148,191.58374977111816,15.604982137161372,186.9958091414972,196.54663684291017,0.994093257188797,0.01999820009372386,0.9824228299961376,0.9979938328266144
2072000,1690070397.0695956,-91.02026386260987,19.878406730059538,-101.78878873094808,-87.00665923423855,191.61524963378906,15.066945665322535,187.08137183328282,196.4851461479223,0.9935496419668197,0.020141394550806713,0.9817365925288446,0.9974598690867424
2080000,1690070545.9453137,-92.25351448059082,20.349399955747085,-101.95715383021442,-87.84977379563986,192.27974967956544,15.224165232855091,187.70837348438764,197.09899940490723,0.992154686152935,0.021468213062426834,0.9808877560592509,0.9966030582785607
2088000,1690070694.123468,-93.85690155029297,20.25885492669446,-104.01725318261919,-89.52884406175887,193.84274978637694,16.07074326109291,188.99544309525598,199.03877622608044,0.9913004398345947,0.021740866964879712,0.9801878266257245,0.9959590852260589
2096000,1690070842.896464,-94.1199737548828,20.244153950678974,-104.09181832256411,-89.81234251435603,195.21024971008302,15.733823160880346,190.69830522693061,200.47857280379682,0.9913004398345947,0.021740866964879712,0.980536572724289,0.9958675742149353
2104000,1690070991.2949016,-93.28584957122803,20.179751822346248,-103.45684216767023,-88.97463358498054,195.22050018310546,14.830198938500496,190.99715318139525,200.30881272746228,0.9925080299377441,0.021509049481554913,0.9810628010038441,0.9969084545969963
2112000,1690071139.1530404,-91.5235752105713,11.256913878153634,-95.2189903544777,-88.25676733193538,194.26149940490723,13.466400362240822,190.56565522746004,198.86843106933682,0.9949569374322891,0.011813030932001123,0.9900031074268347,0.9978132128715516
2120000,1690071286.419826,-94.45182991027832,19.72061860508273,-104.59277254130478,-90.16701733326681,195.27649955749513,13.875942576374596,191.46058760093118,200.04659744702286,0.991926634311676,0.02161273759699947,0.9804578497648384,0.9963675811886787
2128000,1690071434.187493,-95.32385368347168,20.242821098936197,-105.01908745744127,-90.87250659128634,196.73999938964843,14.329602696770168,192.68672855648336,201.74617415108372,0.989467105269432,0.021954020298672963,0.9786355652115346,0.9942294447489393
2136000,1690071582.3538985,-94.06486835479737,20.81109480916922,-104.2674415229181,-89.47870636064847,196.9887493133545,14.374250290258344,193.05015838907804,201.85919594727267,0.9906517460942268,0.02183183911339353,0.9797396912087425,0.9951605767011642
2144000,1690071731.4600055,-91.85030307769776,20.543272697710815,-101.98327819203753,-87.46341279779499,195.47774925231934,14.497804047765486,191.51362207763034,200.54818613504236,0.9926280975341797,0.020518358632908858,0.9810417751415114,0.9968321447353945
2152000,1690071881.1915092,-89.39831504821777,20.38488306466044,-99.40091663435375,-85.0402982965643,192.50274925231935,13.835909972608192,188.51855649932446,197.16421211044354,0.9939287722110748,0.02011471418919335,0.9811497193399836,0.9976605743169784
2160000,1690072030.9331582,-88.81399421691894,20.43349642014864,-99.00944749462778,-84.48742945589663,190.28474960327148,13.067571173367813,186.639868164927,194.8332640014997,0.9939287722110748,0.02011471418919335,0.9816130369681394,0.9976308137178421
2168000,1690072181.3507857,-88.39426136016846,20.35642887824049,-98.9229884453866,-84.13916515447073,189.49974937438964,13.575202982047525,185.81595962321043,194.4252574477156,0.9939287722110748,0.02011471418919335,0.9812076799006566,0.9976308137178421
2176000,1690072331.8412595,-89.0281888961792,21.081130058667387,-99.151223145262,-84.45309109596542,188.59249992370604,13.989454524929172,184.73025938760824,193.6161108805732,0.9923876613378525,0.020810303729657448,0.9810197671566993,0.9966372598829912
2184000,1690072482.761048,-88.21876201629638,15.62742303550997,-94.09709816498545,-84.1241194333169,187.9407501220703,14.622817147183593,184.06541801110853,193.47834947593918,0.9935508623719216,0.011348056246612455,0.9895138103582115,0.9966276527327604
2192000,1690072633.9491756,-86.14151401519776,14.642083111992974,-91.98910835034052,-82.47202021342167,186.5432502746582,15.484838546073991,182.54256334033724,192.67410705756717,0.9960103914141655,0.00968615307273244,0.9920764550593743,0.9983207076787949
2200000,1690072785.5570023,-86.80896263122558,15.365460138324984,-92.73844704565715,-83.017467022416,185.9292507171631,16.423277832048463,181.63719115697458,192.10218460239676,0.9948992803692818,0.011537066673460753,0.990171555899951,0.9976796820759773
2208000,1690072937.1659687,-86.61785869598388,15.240014678711345,-92.63283303316037,-82.75382762081476,185.58725051879884,16.725779275770083,181.37487498521085,191.89234998230967,0.9948992803692818,0.011537066673460753,0.9901859337815848,0.997765152156353
2216000,1690073089.0180519,-86.59660930633545,15.461021265235116,-92.49799340350711,-82.67530412808152,185.6930004119873,16.692146921130337,181.2726305706964,191.90616260278864,0.9948992803692818,0.011537066673460753,0.9903457244491632,0.997765152156353
2224000,1690073240.3673992,-86.613041305542,15.613357483323377,-92.55624336842398,-82.51531644823191,185.82124977111818,16.73821924844439,181.48505175470424,192.20814009715366,0.9948992803692818,0.011537066673460753,0.9902718483264608,0.9976923078298569
2232000,1690073391.896654,-87.75692958831787,17.238099125549777,-93.89634659893441,-83.09545613860529,186.79874954223632,16.856463521886823,182.43868145864658,193.10502924834503,0.9942413851618767,0.011969655278339576,0.989340394363708,0.9971938386228589
2240000,1690073544.4278362,-85.28660297393799,16.173123529634225,-91.39023454103311,-81.18680863403924,186.7617488861084,16.823381256841348,182.40023612601428,192.97423267040594,0.9963638916611671,0.010006860950072917,0.9919805958673233,0.9987010791897774
2248000,1690073696.8479786,-83.88434047698975,12.657341412164003,-88.56306138998973,-80.47148676834999,185.2279987335205,14.522044424549067,181.41709690128388,190.425821602566,0.997635754942894,0.0086763165583055,0.9929273630385399,0.9994047611951828
2256000,1690073849.2739336,-84.95431747436524,12.668452880051635,-89.47308045884905,-81.51017788025783,184.89849853515625,11.62814373867175,181.64382402249527,188.84590821098146,0.9970801994204521,0.009202639068564757,0.992533415555954,0.9988888889551163
2264000,1690074001.41261,-84.72536449432373,12.382033234810054,-89.03250493121203,-81.28327994072566,185.40774841308593,11.014270040516147,182.27496253447336,189.0016827840418,0.9974968656897545,0.007540262035649652,0.994276313483715,0.9993421047925949
2272000,1690074153.6125758,-84.64942264556885,12.4928316409207,-88.81934191702275,-81.03970015555257,185.6557487487793,11.710106562559004,182.2704972604339,189.6991688717827,0.9974968656897545,0.007540262035649652,0.9941910726943785,0.9993421047925949
2280000,1690074305.2791429,-85.73896350860596,12.096589586920357,-89.88921110306256,-82.31740406713253,186.50449905395507,11.196874186367328,183.2141030738207,190.30223678872548,0.9974968656897545,0.007540262035649652,0.9942000806331635,0.9993421047925949
2288000,1690074457.0658107,-85.9943172454834,12.001480961562093,-90.1010577424306,-82.58418189019741,187.47699966430665,10.742854072632484,184.34929373265373,190.99404115364752,0.9974968656897545,0.007540262035649652,0.9941621024917705,0.9993421047925949
2296000,1690074608.2770035,-84.75772399902344,10.61435926804324,-88.50339094607217,-81.77242825764935,187.85774993896484,11.323107040865088,184.58215737542898,191.65996521249758,0.9981547608971596,0.006511780204957238,0.994831334434922,0.9994444444775581
2304000,1690074758.492229,-86.0388240814209,10.831511889673559,-89.75654767658749,-82.95762066516255,189.18125038146974,12.469288293799156,185.68653422780866,193.34326176293627,0.9975137352943421,0.00748753828280211,0.9942011989136438,0.9993589743971825
2312000,1690074909.0743237,-86.46348514556885,11.592224584942436,-90.42731638258392,-83.22186559797929,190.7595001220703,13.527120828957777,186.8056390994341,195.25683568569139,0.9968894615769386,0.009893702781334855,0.9919631498262451,0.9988888889551163
2320000,1690075059.8806124,-84.98206539154053,11.620836058096396,-89.26343697262205,-81.81752332723877,190.45050048828125,13.79555076290271,186.41743915902967,195.0283796209423,0.9974450170993805,0.009417387580621814,0.9922816321253777,0.9993589743971825
2328000,1690075210.3524566,-85.60465469360352,10.521388064564277,-89.33888030765834,-82.69986940230311,190.31850051879883,13.498078577981092,186.33768228319124,194.8356048661534,0.9981394618749618,0.00851254265763748,0.9920418992638588,0.9993589743971825
2336000,1690075360.4007857,-85.90987873077393,11.947236357890974,-89.87132792592746,-82.51343559697044,190.47600021362305,12.507192816935069,186.86976989664385,194.5632431079908,0.9974984362721443,0.009279208827642495,0.9919168218970299,0.9993589743971825
2344000,1690075510.7215137,-85.0422477722168,13.098974396718681,-89.40041646174147,-81.349029405108,190.2935001373291,13.917754150077643,186.10564027133455,194.737150105434,0.9974984362721443,0.009279208827642495,0.9919168218970299,0.9993589743971825
2352000,1690075661.422876,-85.4291332244873,14.23272389854164,-90.38214627195921,-81.39949652559288,189.6365001678467,14.63498315761424,185.2950510874534,194.3483373176884,0.9960698649287224,0.012591593195576544,0.9896646607120133,0.9987179487943649
2360000,1690075813.0433273,-85.82372817993163,14.890455255088577,-90.83050282123877,-81.76705207579583,188.19024963378905,14.124018564211038,184.0724833339855,192.887394311443,0.9946809753775596,0.014928587520606511,0.9880402177572251,0.9981394618749618
2368000,1690075966.2808862,-83.91819095611572,15.038489690890303,-89.37842596210366,-79.91704559852036,185.90174942016603,13.04206223811805,182.19897444936913,190.26408939340627,0.9953220009803772,0.014588849184505258,0.9884322340545854,0.9986111104488373
2376000,1690076119.956872,-82.25535469055175,14.352425854002552,-87.54112660574036,-78.39519526694284,182.6572494506836,12.038992142368253,179.10773963213018,186.58097274739174,0.9965415135025978,0.012777661555582208,0.9900793641805649,0.9987179487943649
2384000,1690076273.4401326,-82.7629961013794,14.733163904295026,-88.05915285703529,-78.81749876554034,181.22749938964844,12.1900116431773,177.70514546188627,185.19288102600066,0.9959165140986442,0.013197722408538429,0.9895829639748488,0.9987339749932289
2392000,1690076427.4504712,-81.26059627532959,14.594484855579156,-86.60453736229567,-77.44393894036924,180.2087490081787,11.661158245224064,176.75006648558545,183.9620304829553,0.9959165140986442,0.013197722408538429,0.9893958525657156,0.9987339749932289
2400000,1690076581.435791,-81.52944889068604,13.450862361604779,-86.67107321999369,-78.0864070050248,180.0227493286133,11.551690149082278,176.58503314451093,183.82534530298352,0.9958996444940567,0.013225668596432058,0.9895645102673629,0.9987171053886413
2408000,1690076735.0990977,-82.83783378601075,13.45953597351873,-87.93556986509707,-79.38035078877137,180.46599960327148,10.202572444732342,177.24382115642157,183.60159108923952,0.9947190895676613,0.013849688005211618,0.9885361763466277,0.9980158731341362
2416000,1690076889.1055446,-81.99668369293212,12.457534061812936,-86.74624115619345,-78.87264604948591,180.81799964904786,9.991271364836399,177.6869390318254,183.85567376518833,0.9956157460808754,0.011408982537574223,0.9905761457833208,0.998218086361885
2424000,1690077042.6218138,-81.55564613342285,10.261072111084538,-84.96434718458241,-78.59212535961012,180.5117500305176,9.998951660572335,177.27745305644703,183.46700049622402,0.99642324000597,0.008541289156937944,0.9930273726836777,0.9983806148171425
2432000,1690077195.9018397,-82.3394063949585,9.99377346338994,-85.55328865228378,-79.3981782872599,180.6622501373291,9.649841626878763,177.63653689549997,183.60275121640956,0.99642324000597,0.008541289156937942,0.9930873356000378,0.9983806148171425
2440000,1690077348.4527915,-83.1014741897583,10.490088393190117,-86.59648324044821,-80.0824666681216,182.24500007629393,9.453444684783051,179.20885244754018,185.17220687475722,0.995708954334259,0.009367065732891412,0.9920482547159153,0.9981288000941276
2448000,1690077500.71732,-82.6758861541748,9.942655957410452,-86.12015307419323,-79.93898872887208,182.65625038146973,8.78075185380584,179.9315711284994,185.3274281663117,0.9963339537382125,0.00878009840255368,0.9928448439569407,0.9986607149243355
2456000,1690077652.3291705,-84.89922351837158,14.371716312192849,-90.92589590848516,-81.45889411025668,183.677250289917,8.698261888634311,181.0034928539771,186.36597680587366,0.9949053823947906,0.012091630904829849,0.9897696025044292,0.9977227196097374
2464000,1690077803.7832305,-85.80355968475342,15.014220187146654,-91.88366734996157,-82.05963378512199,184.61000022888183,8.647628537761491,181.86250078954174,187.16525068818464,0.9943101435899735,0.012408084860510643,0.9891357633929244,0.9973579779267311
2472000,1690077955.8348472,-85.2597282409668,14.368089957117178,-91.1948082818877,-81.74952141234411,184.59674987792968,8.926681052092862,181.71291656817485,187.22351465352077,0.994935142993927,0.01204397314770733,0.9894184165160863,0.997712254524231
2480000,1690078107.3012264,-85.72654457092285,13.780723949991911,-91.7094064377868,-82.47703069015128,184.46100006103515,8.589699576045831,181.72124927280043,186.9570399010856,0.9954670578241348,0.011783257844973262,0.9901655206754013,0.9981487631797791
2488000,1690078259.8069224,-84.98861141204834,14.537327350997234,-91.00434689748543,-81.39488431378531,184.30625,9.091889921416602,181.3842585000777,187.0106426094875,0.996048453450203,0.011413026553688674,0.9908705140493699,0.9986904755234718
2496000,1690078411.6774886,-85.12729434967041,14.575895535512585,-91.2743577916783,-81.56564824234535,184.05525016784668,10.113343816668085,180.70017936101797,186.94223954974754,0.996048453450203,0.011413026553688674,0.9905422687215836,0.9986842095851898
2504000,1690078564.3476667,-84.66228561401367,14.146039456640924,-90.59859549408516,-81.30256504225912,183.56850051879883,9.973638973646182,180.29512741175319,186.49565047783724,0.9967627391219139,0.010723053502858475,0.9912635743618011,0.9988492056727409
2512000,1690078717.4272876,-84.00485010147095,14.851124428888081,-89.96639462499832,-80.35150321600831,183.31975021362305,11.351390515913824,179.49144310003615,186.64078932265772,0.9967627391219139,0.010723053502858475,0.9912238910794258,0.9988492056727409
2520000,1690078871.8360791,-81.47565603256226,10.488439211380818,-84.80805117497654,-78.30065255520306,180.92625045776367,12.448923286351826,176.8693004039424,184.51351193184598,0.9981913104653358,0.006368652389265273,0.9950041741132736,0.9994444444775581
2528000,1690079026.786599,-79.85570669174194,8.829368219291181,-82.64819304374019,-77.11753375855108,178.97775077819824,12.943173847835324,174.86872557619003,182.93249497211625,0.9982430711388588,0.006195697042495079,0.9950680121779442,0.9994565218687057
2536000,1690079181.2112672,-79.4670916557312,8.97834259422478,-82.24561378726558,-76.66613806572609,177.5045009613037,12.424647303767467,173.58715134441118,181.15917200423974,0.9981041818857193,0.006695057793307096,0.9946685075759888,0.9994565218687057
2544000,1690079336.0494776,-79.1559624671936,9.960309205151814,-82.35762613615165,-76.2828471386321,177.1677505493164,12.928811613510916,173.1562694433029,181.223765512494,0.9969413906335831,0.009651226541927469,0.9923267751932144,0.9989130437374115
2552000,1690079491.1940734,-78.97380895614624,9.156204335604006,-82.1425670686516,-76.41536103085565,176.78450050354004,12.334646661096151,173.12496251082882,180.70937270174227,0.9963979125022888,0.0100668252118816,0.9917854149132831,0.9987620770931244
2560000,1690079647.0515091,-78.36828670501708,9.581170790510509,-81.52258561899635,-75.5688339603341,175.7597499847412,11.912854082315658,172.2040469166557,179.54362690244125,0.9963979125022888,0.0100668252118816,0.991782662409196,0.9987620770931244
2568000,1690079802.6986556,-78.59874000549317,10.105339434908373,-81.88936834873849,-75.71892578484544,174.84974975585936,11.734534221438933,171.35734666454564,178.64332720142528,0.9958544343709945,0.010437673542085643,0.9913311004638672,0.9982551485300064
2576000,1690079958.6043484,-80.36272192001343,12.631823062987241,-85.0609687090559,-77.055426789946,175.02675018310546,11.367640891808403,171.71505472119148,178.75841295861125,0.9940578758716583,0.013012282633300454,0.9887430320686629,0.9971943512558937
2584000,1690080114.2712297,-80.581533908844,12.7791398723707,-85.58316772449959,-77.38337767310215,175.45625038146972,10.644690440042888,172.5106181690804,179.18418735310235,0.9935023203492165,0.013219461985343146,0.9880587463773468,0.9968662589788437
2592000,1690080270.394574,-81.56917428970337,13.363046835848662,-86.47914595341821,-77.97508440532252,175.85299987792968,10.082089265504393,173.13048612493154,179.47317967679922,0.9935092493891716,0.013229002683086702,0.9884227893819166,0.9966826200485229
2600000,1690080427.0811973,-81.18501234054565,13.69664452145084,-86.15534980000116,-77.5169868935815,175.7189998626709,10.447688453603009,172.8905909052027,179.37028191462701,0.9935939386487007,0.013102696789799794,0.9883162378216698,0.9968999726971798
2608000,1690080583.6115296,-80.91692838668823,12.93226266262972,-85.85036106953096,-77.57281617965339,175.41749992370606,10.92767283812855,172.49688866501253,179.27135825783373,0.9941614910960197,0.01177790849551864,0.9893929050453916,0.9971441049781004
2616000,1690080739.3460426,-81.60875234603881,12.88198865798907,-86.46805090901914,-78.21905969516035,175.96174964904785,11.677598483878304,172.75798694592476,180.20104171840643,0.994704969227314,0.011530621175772426,0.9900246248979994,0.9976303413510322
2624000,1690080893.9097466,-82.40714931488037,12.078576223783644,-87.06483639359953,-79.27096389039562,177.5747501373291,12.01937916695708,174.22408224363542,181.6721206350878,0.994704969227314,0.011530621175772426,0.9897571310643848,0.9974963620627523
2632000,1690081048.1000628,-83.89717979431153,15.485838689411201,-90.25309849647557,-80.07421508225005,179.322749710083,12.200951171098225,175.8151297870392,183.40522093550396,0.9933253705501557,0.015892014805261808,0.9862111914555745,0.9970110718892686
2640000,1690081202.3353705,-83.43525543212891,13.85191646885023,-89.09744789682564,-80.10543227190712,180.02074966430663,11.932055784418303,176.57242303759182,183.99403615730185,0.9940218329429626,0.014391013527401962,0.9873818643238221,0.9971982937268519
2648000,1690081356.273744,-83.60259284973145,13.430748883121714,-89.29076638965127,-80.43481137530604,180.77699928283693,11.804051770343579,177.3520003822734,184.73457616933624,0.9945773884654046,0.014180597953258484,0.9874392256795372,0.9976150780916214
2656000,1690081509.8301842,-82.74108543395997,13.2065742337042,-88.81771409433799,-79.71506483696308,180.96849937438964,11.654203763311568,177.57016222372374,184.80987208769147,0.9957718327641487,0.013539813632873533,0.9881559285384316,0.9983317226171493
2664000,1690081662.7585647,-83.09637222290038,12.761378537971794,-89.22005947751019,-80.27542582630826,181.77574882507324,11.19458006614817,178.48576551198144,185.36866185559535,0.996381588280201,0.013162027823973388,0.9881936326622963,0.9988999038934707
2672000,1690081815.6107945,-83.71785259246826,12.867192060436546,-89.53422632519047,-80.78022464736098,182.16174926757813,9.673769780138075,179.15736323629142,185.12727007433557,0.9963670715689659,0.013184589982697609,0.9885458213483944,0.9988999038934707
2680000,1690081968.2913566,-82.97532424926757,12.904051989402648,-88.89348242355956,-80.002534879419,182.13749923706055,8.981013416421783,179.42475164248717,185.036244385763,0.9963670715689659,0.013184589982697609,0.9887110307812691,0.9988999038934707
2688000,1690082122.0682838,-82.3063009262085,13.186440447636466,-88.0631894372754,-79.30571923807521,181.19099922180175,8.27547751959326,178.60308246096986,183.73884544239814,0.9963670715689659,0.013184589982697609,0.9882103028752415,0.9988999038934707
2696000,1690082276.0371628,-80.75383987426758,8.225695370568365,-83.5157901716463,-78.46629571635823,179.68074989318848,8.12534751629445,177.1787297864417,182.13103931449874,0.9982901483774185,0.00601489924913884,0.9953607857227326,0.9994680851697921
2704000,1690082429.4236627,-79.74106254577637,7.179092522286753,-82.18288631905912,-77.67988261902487,178.9792495727539,7.945241118160285,176.53758317243253,181.4726946075346,0.9993902444839478,0.003807921977258659,0.9957333497465637,1.0
2712000,1690082582.9037797,-79.98132801055908,7.157108171071457,-82.4129250437467,-77.96081976658573,179.63374977111818,8.618650237697496,177.16583229197536,182.6029464870912,0.9983186528086663,0.005931076194373372,0.9954461544752121,0.9995098039507866
2720000,1690082736.1616428,-79.59577159881592,6.808007857939776,-81.82981770056195,-77.62381952616795,179.64374961853028,8.516065841198735,177.1506296919026,182.4266227019545,0.9983186528086663,0.005931076194373372,0.9953894346952439,0.9995098039507866
2728000,1690082889.0947847,-80.37974414825439,6.7523655309416055,-82.536091052633,-78.34173021938682,179.7810001373291,8.499908820820854,177.28883365249612,182.58892895190039,0.9977504715323449,0.00677181020001052,0.9947984927015788,0.9994186043739319
2736000,1690083042.310329,-80.37041549682617,6.859136055314285,-82.55513720338394,-78.21653730224888,180.59574928283692,9.000015918953004,177.8249768527378,183.45403847032642,0.9972712129354477,0.007236249964776656,0.994448422911782,0.9989416226744652
2744000,1690083195.6731477,-80.94050731658936,7.008889504834549,-83.13127996402712,-78.74617592032664,180.93699951171874,9.053690346677033,178.21511254543643,183.88549708955352,0.9972712129354477,0.007236249964776656,0.9942030306278784,0.9989416226744652
2752000,1690083349.0030522,-81.00316066741944,7.7943939270830045,-83.47989781335605,-78.68333067291036,181.35574951171876,9.09312728907625,178.62832335039516,184.22780841383332,0.9966614574193955,0.007970934537940585,0.9933912586689618,0.9988220632076263
2760000,1690083502.577307,-80.35091018676758,7.8588766170770015,-82.7885381248825,-77.84906978841092,181.32049980163575,9.249946570189872,178.5582171841072,184.2839216561035,0.9966614574193955,0.007970934537940585,0.9934621082745383,0.9984681382775307
2768000,1690083656.0508065,-82.11073169708251,8.652645679107865,-84.86494932964375,-79.526028834027,181.45449981689453,8.697178539668116,178.7551569826056,184.30345819125307,0.995456463098526,0.009114953502911676,0.9920801165547402,0.9977842164026056
2776000,1690083809.0688858,-82.18256340026855,9.314052543757354,-85.16744099917791,-79.39606582537179,181.19399948120116,7.726018256510623,178.80299911499023,183.49111256942402,0.9959182992577553,0.008877239094069704,0.9924067131707944,0.9982268244028092
2784000,1690083962.4084127,-82.72903709411621,9.046287252393794,-85.60691760395625,-80.03097771607031,181.45549964904785,7.610285968766367,179.04732233069734,183.77087358228886,0.9959182992577553,0.008877239094069704,0.9925324656583253,0.9982538819313049
2792000,1690084117.08641,-80.67719841003418,9.37305009838792,-83.64524793813791,-77.91220910442482,180.7509994506836,7.676966079572596,178.33966654632948,183.14885777972705,0.9964864805340767,0.008378999781275176,0.9930342848802851,0.9984375014901161
2800000,1690084271.590398,-81.11926364898682,10.361386299343879,-84.75111371638323,-78.29198738077177,179.53599967956544,8.324615969373935,177.00914275355527,182.14118480345252,0.9968401998281479,0.008392293239268519,0.9933507561683654,0.9987804889678955
2808000,1690084425.9560747,-81.0308391571045,10.883302642888637,-84.89593223766391,-78.0264708066964,179.37299919128418,8.876007818303043,176.63863701950902,182.14083008588176,0.9962720185518265,0.00891236645187303,0.9926421020270461,0.998466395907608
2816000,1690084579.4822624,-81.80890865325928,10.51215052513214,-85.43230441962379,-78.85960857004376,180.58724937438964,10.161330255890277,177.73717800008956,184.06446904555725,0.9968817740678787,0.008290519700983684,0.9930888558715995,0.9987950056791306
2824000,1690084732.5186923,-83.70036659240722,11.5283601744697,-87.62334695809564,-80.39299301326241,182.48649864196778,10.685672149568108,179.4625999943879,186.1936135966386,0.99559887945652,0.00959292459016886,0.9918096968402191,0.9981073498725891
2832000,1690084886.6817539,-81.39324808120728,11.565456883191098,-85.3626405369851,-78.23262971145557,182.80699882507324,11.451256430292851,179.40680097369756,186.48515791322242,0.9968038737773895,0.008493197303453812,0.9932131428061719,0.9987739235162735
2840000,1690085041.6331577,-80.80147714614868,11.296765919100482,-84.8324104004587,-77.7724986272432,181.30099906921387,12.301649072157707,177.61786705291038,185.25692241289852,0.9968701511621475,0.008336446311948806,0.9933272513075554,0.998806819319725
2848000,1690085196.3318563,-80.80965433120727,11.835580611535676,-84.99101008494448,-77.51828006981454,180.07574882507325,12.718245815779632,176.43951668058585,184.20451989897617,0.99622912555933,0.009028252862609484,0.9926493221674122,0.9984197367759542
2856000,1690085349.9228225,-84.04584035873413,13.559201096504323,-88.70919833277945,-80.24752784939453,181.058748626709,13.102841084642026,177.17887212439675,185.37837168986712,0.9943906754255295,0.010466518691147366,0.9906365711042832,0.9972298157338491
2864000,1690085503.5030577,-83.53036050796509,13.049494244250713,-88.0509417928608,-79.93511740307956,181.99624900817872,13.162028333536206,178.16722656523115,186.2763980466665,0.9951259702444076,0.009779060834698443,0.9914840130879488,0.9976180717349052
2872000,1690085657.2775884,-83.15109586715698,12.58614037063749,-87.45661206043711,-79.61832780606501,182.04624938964844,12.926445014819446,178.27651159035676,186.14352758616656,0.995694151520729,0.009377241984197893,0.992060841462457,0.9981455236673356
2880000,1690085811.3801217,-83.42003889083863,12.842377394745949,-87.88314081877135,-79.83508392208856,181.2262493133545,12.292133664862577,177.42509068651216,185.03955025486573,0.9950989127159119,0.009829786934659438,0.9913783803582191,0.997596528415884
2888000,1690085965.1406202,-83.27856531143189,12.175306757859262,-87.58851008799053,-80.02951777870462,181.14574966430663,12.56155989211009,177.40827818365065,185.09516331321205,0.9951505765318871,0.009736406212685757,0.9914447200234995,0.9976647019386291
2896000,1690086117.9354033,-85.01803894042969,12.057340961386728,-89.12438680837292,-81.64952554610288,182.18299980163573,12.795493468949937,178.55724543216803,186.43487939882706,0.9944152817130089,0.010428411882603256,0.9906945990065602,0.9970625162124633
2904000,1690086270.1982026,-84.93931560516357,12.183974597170064,-89.26171350733875,-81.54840515474636,183.95099983215331,13.140071044292762,180.2403564379707,188.38660782618723,0.9949587598443032,0.01013469344692081,0.9912226165814552,0.9975663110613823
2912000,1690086422.904808,-84.6794282913208,12.401835431576265,-88.82639222845414,-81.16702565685512,185.16375045776368,13.223251955732922,181.2406334923459,189.41557088627712,0.9949587598443032,0.01013469344692081,0.9912911696823495,0.9975553184747696
2920000,1690086575.774365,-82.23316040039063,10.40952729431708,-85.82140146716344,-79.33098674756587,184.72600135803222,13.024701428512595,180.81547155381367,188.85875723824594,0.9967972099781036,0.008519657138097169,0.9931111131352707,0.9987687692046165
2928000,1690086728.7119293,-82.57009983062744,11.878182507325286,-86.8674947966779,-79.3655792846647,184.18625144958497,13.411569937542739,180.48053125399028,188.73223660232193,0.995420889556408,0.009996852553976266,0.9915188007711433,0.9980284407734871
2936000,1690086881.6611416,-83.0892858505249,12.159407942561888,-87.18112692294835,-79.69283858866702,184.06150131225587,14.033431260305909,180.0101416798031,188.77046454004034,0.9948394939303398,0.010382452769264187,0.990944156140063,0.9975205078721047
2944000,1690087034.1133301,-83.51539325714111,12.263798835002207,-87.62922667927998,-80.08149560467183,184.5200008392334,14.329178118886126,180.3257450119635,189.2307673762745,0.9948097333312035,0.010437426939388091,0.9909442657120298,0.9974725192008322
2952000,1690087187.3786902,-82.7899616241455,11.976737613116276,-86.94617286854728,-79.52630656949451,184.5297508239746,13.744949574251358,180.4119502732238,188.98270693097803,0.9960409641265869,0.009465602127815172,0.9922428891062737,0.9985294103622436
2960000,1690087340.6806245,-82.11271896362305,11.458365029123895,-86.25920807632747,-78.94535167300873,183.6417507171631,13.26232431883973,179.82002671208062,188.0702388659333,0.9967762589454651,0.008558781658367825,0.993316663174455,0.9987500011920929
2968000,1690087493.9368734,-82.25577545166016,11.314147403301012,-86.23794032269096,-79.06068122639627,183.1447509765625,12.629529443063394,179.42350299431305,187.33548748745054,0.9967762589454651,0.008558781658367825,0.9930357159369572,0.9987500011920929
